0.8374,1.0658,0
-0.2079,0.2823,0
0.6732,0.0399,0
0.7236,1.0028,0
-0.4177,0.6384,0
-0.9610,0.3884,0
0.6309,0.7442,0
1.4204,-0.6405,0
-0.0631,1.1794,0
1.2859,-0.0647,0
0.9631,0.8051,0
0.3714,1.6423,0
1.0766,1.0532,0
2.5851,0.4893,0
1.0814,-0.6253,0
2.3452,1.5216,0
0.2311,0.9323,0
-0.5309,0.8254,0
0.6898,-0.2667,0
1.1716,0.5833,0
0.1840,1.7531,0
2.5572,0.5403,0
0.9067,-1.2183,0
1.6190,2.2291,0
0.4823,2.0244,0
1.8529,-0.3939,0
-0.1088,0.7268,0
-0.1355,2.1626,0
1.5949,1.5762,0
1.0645,0.5286,0
0.6907,-0.4242,0
0.8517,1.7080,0
0.8147,-0.1021,0
-0.4365,0.3409,0
2.3793,0.6426,0
0.1811,1.0480,0
3.4974,-1.1790,0
-1.9033,2.4515,0
0.2231,1.4452,0
2.6428,0.2877,0
3.0204,1.8735,0
1.4729,2.4194,0
0.4568,2.8266,0
0.6834,2.2059,0
-0.9944,-0.9054,0
2.1374,-0.0064,0
0.8981,1.2787,0
0.5416,0.5343,0
1.7598,1.5852,0
0.6018,-0.0812,0
1.4194,2.2487,0
0.7782,0.5700,0
0.0359,1.3422,0
0.5508,1.9553,0
-0.3639,0.5141,0
1.4055,-0.1365,0
0.5959,1.4657,0
0.7026,4.1052,0
0.6659,0.7034,0
0.2125,1.8025,0
1.3541,0.6076,0
1.3625,1.0095,0
-0.7051,1.5479,0
0.1562,1.2352,0
1.0828,1.9098,0
1.7324,0.6166,0
0.9633,1.0110,0
2.7935,0.7472,0
2.5165,0.2730,0
1.3104,0.6427,0
0.8281,0.1657,0
-0.0615,0.7785,0
0.3674,1.6331,0
1.3249,0.1152,0
1.4973,0.5457,0
2.6050,0.3994,0
1.8474,0.2228,0
2.0148,0.1952,0
1.2627,1.1556,0
2.6827,0.6702,0
0.6549,3.0490,0
1.3325,0.3512,0
0.6342,1.7751,0
2.0018,0.3265,0
1.2232,0.7798,0
1.7368,1.0073,0
0.8988,0.6651,0
-0.5848,2.0058,0
0.1516,-0.6298,0
0.5791,2.3555,0
1.0431,1.4447,0
2.3018,1.4410,0
0.4079,0.9289,0
3.2539,0.8318,0
1.9432,-0.8586,0
-0.1362,1.8257,0
1.2673,0.6191,0
1.3737,2.1480,0
0.5389,1.4447,0
0.7796,0.8099,0
5.1048,4.4164,1
4.4141,5.6542,1
6.4808,3.7861,1
5.9760,3.0935,1
5.1665,2.7262,1
5.5479,3.5122,1
4.6530,3.7761,1
4.5033,3.3067,1
4.8004,4.0355,1
6.5794,3.8542,1
4.9115,2.8988,1
5.8397,4.6185,1
5.9949,5.4602,1
5.6131,3.7953,1
6.6334,1.9588,1
4.8785,3.6201,1
5.7501,4.1906,1
6.7372,5.1295,1
5.0475,3.1011,1
5.5430,5.3431,1
5.0186,4.7159,1
5.5699,5.6367,1
5.9726,3.8869,1
5.6030,3.0684,1
4.7556,3.1249,1
6.3062,5.1916,1
3.6681,4.3102,1
6.1840,4.5648,1
3.8777,5.2691,1
4.3517,4.3459,1
6.6483,4.6522,1
5.5484,4.7317,1
5.9394,2.9377,1
5.3941,5.3716,1
5.3752,5.4620,1
4.2691,5.4308,1
4.2478,3.4750,1
4.4682,4.3450,1
5.7226,4.4569,1
5.8779,4.6263,1
4.3941,4.4125,1
5.0681,4.7644,1
4.3997,3.4354,1
5.8013,4.3408,1
4.3242,5.5010,1
5.1451,4.1529,1
6.5011,3.5109,1
4.2472,4.7477,1
3.7688,5.1185,1
5.2310,1.9497,1
3.6282,3.6460,1
5.1659,3.4834,1
4.5984,3.5859,1
5.6419,6.4971,1
5.5733,3.3560,1
5.9038,3.3754,1
5.3294,1.7754,1
6.6040,4.3967,1
4.9854,4.7801,1
6.8198,3.1166,1
5.9621,5.4589,1
4.2456,2.3446,1
2.5633,4.4678,1
4.8634,4.8911,1
5.7352,3.4515,1
4.5427,2.7554,1
4.2576,3.6631,1
3.6504,3.2712,1
4.6095,4.0819,1
4.9169,4.0787,1
6.4371,2.8236,1
4.5452,6.1988,1
4.3237,3.2233,1
5.2143,4.3284,1
3.5192,3.0429,1
2.9311,3.0116,1
5.1957,3.0953,1
6.4424,4.1259,1
5.0697,3.5723,1
4.8619,4.4055,1
4.6468,5.2171,1
5.5268,4.4304,1
3.5098,3.6254,1
5.6543,2.9490,1
4.8158,5.4742,1
4.4133,4.6806,1
3.6739,3.2670,1
4.9909,4.3002,1
4.5766,4.2422,1
6.4233,3.4624,1
4.4333,4.3613,1
6.2012,3.9765,1
5.5500,2.8866,1
4.8358,3.7762,1
7.1069,3.0205,1
4.9756,3.9897,1
4.7229,3.7731,1
4.8827,2.5300,1
3.4220,3.5320,1
6.0562,4.7575,1
8.5459,-0.2724,2
6.9287,-1.0043,2
8.1569,-1.7484,2
8.9001,1.3165,2
7.6732,0.3982,2
8.7517,-0.3531,2
8.8525,-1.4829,2
8.2621,-2.5212,2
7.3107,-2.0791,2
7.9006,-0.2339,2
7.7020,0.6625,2
7.2825,0.2283,2
6.7990,0.4248,2
8.1379,1.1337,2
7.5363,0.5491,2
8.0818,0.5928,2
6.8598,-1.1245,2
9.0575,-0.2631,2
5.5340,-0.4753,2
8.0029,1.2619,2
8.0000,-0.8965,2
8.1537,-0.1066,2
9.6232,-1.4204,2
6.6845,-0.5427,2
8.5871,1.0354,2
5.9671,-0.0747,2
8.2648,-0.8374,2
8.4612,0.9081,2
6.7268,-0.5235,2
6.8334,0.7705,2
8.8746,1.8913,2
7.1836,-1.2993,2
9.3161,0.8851,2
7.2851,-0.9321,2
8.2521,-1.3028,2
7.2233,-0.4151,2
7.8648,0.7488,2
7.6053,1.2115,2
7.8162,-0.8751,2
8.6881,-1.5096,2
9.0981,-0.3473,2
6.5912,0.9285,2
6.6734,-0.2775,2
7.5652,0.4765,2
7.8356,0.1522,2
8.3849,-0.9385,2
7.7615,0.2784,2
7.9115,-1.3231,2
8.1817,-0.8064,2
9.0048,0.3262,2
8.3960,0.6547,2
8.5316,1.9919,2
7.9905,-0.4883,2
6.9162,-1.6404,2
7.9977,1.0628,2
9.8029,0.2793,2
8.6692,-0.0094,2
9.3715,-0.6121,2
7.0131,-0.6538,2
7.0037,-0.1856,2
7.3463,-0.3824,2
7.3900,-1.3291,2
7.9208,-1.4535,2
8.1115,-1.0779,2
7.4193,-1.1484,2
8.1259,0.3882,2
7.7768,-0.3986,2
10.3266,0.3211,2
9.6316,0.1688,2
8.8414,-0.5276,2
9.3058,0.2668,2
6.3933,-0.5749,2
9.1443,-1.5766,2
8.3534,-0.2331,2
7.3258,-1.3283,2
9.0741,-0.6429,2
7.8186,0.0943,2
7.7735,-1.8140,2
9.7591,0.0353,2
7.8236,0.1116,2
10.4132,-0.3228,2
8.5100,0.4790,2
6.6252,0.8612,2
9.1960,0.0894,2
7.7338,-1.9112,2
7.9390,0.8696,2
7.9998,-1.3544,2
7.8534,-0.9800,2
7.8184,0.5956,2
6.5414,-1.8955,2
7.9569,0.9458,2
8.1133,0.6341,2
6.5357,0.0293,2
7.5929,-0.6924,2
7.9555,0.3071,2
8.2814,-0.1079,2
8.1389,-0.8646,2
8.4974,1.3909,2
8.3374,-0.0322,2
7.4594,-0.8196,2